author_id,conversation_id,created_at,id,in_reply_to_user_id,like_count,quote_count,reply_count,retweet_count,text
1566580880,1412072353404751879,2021-07-05T15:34:18.000Z,1412072353404751879,"",37,0,3,1,"Quem a√≠ t√° estudando CSS? üíª

No Alura+ desta semana, a Vanessa Tonini, Instrutora aqui na Alura, ensina a voc√™ propriedades e como aplicar box model e box sizing nos seus projetos feitos em html. üòé
 
‚û° Curtiu? Ent√£o confere aqui! https://t.co/464tZWE0OQ https://t.co/DTGFX6c94H"
1090748152842539009,1412907814163525635,2021-07-07T22:56:50.000Z,1412908493326127106,1144082414622400512,9,0,0,0,@devscansados @AluraOnline Cagar regra da forma mais agressiva poss√≠vel no twitter
902288425050656768,1412920604416675840,2021-07-07T23:50:46.000Z,1412922067880656901,913898857527902209,0,0,1,0,"@GabrielTurgon @AluraOnline eu nao vou morrer n√£o, menino adsdyasduiash"
1530510374,1412907814163525635,2021-07-07T23:37:18.000Z,1412918679654830082,1144082414622400512,1,0,0,0,@devscansados @AluraOnline Escopo aberto com data fixa ü§≠
1035942204697661440,1411817457455616003,2021-07-04T22:41:26.000Z,1411817457455616003,"",16,0,0,5,"MaL Te CoNhe√áo MaSS j√Å tE cOnSidErO pAkkkAs para indicar a Imers√£o React da @AluraOnline! 
Um evento gratuito para vc revisitar o passado das redes sociais e criar uma aplica√ß√£o incr√≠vel com React. Aula c/ os perfeitos da @juunegreiros e @omariosouto &lt;3 

https://t.co/dZKf3gRduh"
1875222062,1412165387999973380,2021-07-05T21:43:59.000Z,1412165387999973380,"",0,0,0,5,"RT @frontinsp: J√° parou p/ pensar q o Next √© o framework JavaScript mais popular do momento? ü§î
@omariosouto, da @AluraOnline, vai mostrar q‚Ä¶"
732735087092113408,1412852906466844676,2021-07-07T19:16:52.000Z,1412853139410231298,52499387,1,0,0,0,@nilmoretto @RepublicaCdN @AluraOnline Uhuuuu! J√° estou no aguardo.
2313873457,1412181147640008705,2021-07-05T22:46:37.000Z,1412181147640008705,"",0,0,0,2,"RT @hofflaracnaa: Se algu√©m q eu sigo trabalha pra @AluraOnline , eu tenho uma sugest√£o como usu√°rio. Sugest√£o: Atualmente quando eu estou‚Ä¶"
119252320,1412539560219877378,2021-07-06T22:30:49.000Z,1412539560219877378,"",0,0,0,9,"RT @AluraOnline: Preparem o equipamento de mergulhoü§ø, a Imers√£o React est√° chegando!

Uma viagem profunda para dominar o futuro da Web. Apr‚Ä¶"
77648005,1412907814163525635,2021-07-08T01:25:19.000Z,1412945862452523015,942542667086467072,1,0,0,0,"@_moLusca @devscansados @AluraOnline Nossa mto sim, me d√° 30 tipos de nervoso e de vergonha alheia. Acham que a gente √© adolescente emocionado üôÑ"
1244428833262129155,1412852906466844676,2021-07-07T19:17:11.000Z,1412853216799248384,52499387,1,0,0,0,@nilmoretto @RepublicaCdN @AluraOnline ihull ansiosa
24459846,1412907814163525635,2021-07-07T22:59:01.000Z,1412909043677646853,1144082414622400512,7,0,1,0,@devscansados @AluraOnline Subir arquivos por FTP
33397881,1412486139819220993,2021-07-06T18:58:33.000Z,1412486139819220993,"",0,0,0,0,"Sabia que eu assinei a @AluraOnline s√≥ pelos cursos de Swift ü§°ü§°ü§°

Os mesmos que sa√≠ram do ar https://t.co/ZJab7YCqxk"
1330195823926398976,1412852906466844676,2021-07-07T19:17:28.000Z,1412853290346467331,52499387,1,0,0,0,@nilmoretto @RepublicaCdN @AluraOnline Oba!!! Estava esperando!!! üëãüëãüíØüíØüéäüéä
1033198562274885632,1412907814163525635,2021-07-07T23:08:08.000Z,1412911340491001858,1144082414622400512,3,0,0,0,@devscansados @AluraOnline Cringe √© ficar pistola pq o QA volta a tarefa
144053973,1412907814163525635,2021-07-08T00:00:15.000Z,1412924456100564998,1144082414622400512,1,0,0,0,@devscansados @AluraOnline E pensar que eu paguei por um curso de flex kakakakkaka
2622036550,1412953698242793475,2021-07-09T02:30:52.000Z,1413324745781678080,1247249512885817346,0,0,0,0,@j_a_o_v_c_t_r @rinaldodev @AluraOnline Tem Quarkus na parada tamb√©m?
1345893423337844737,1412490913193021446,2021-07-06T19:28:13.000Z,1412493607706234887,1345893423337844737,27,0,1,0,"5 - @AluraOnline  (eu particularmente gosto muito dos cursos da alura, √© bem completo, tem muitas linguagens que ensinam e tals - √â PAGO)"
55206753,1413211065240932352,2021-07-08T18:59:08.000Z,1413211065240932352,"",0,0,0,5,"RT @o_gabsferreira: Bora ajudar a transformar o Brasil com educa√ß√£o?

Estamos com vagas em aberto para o time de did√°tica da @AluraOnline:‚Ä¶"
1247249512885817346,1412953698242793475,2021-07-08T19:30:28.000Z,1413218948145950724,335556696,1,0,0,0,@eduardoomelle @AluraOnline vale spoiller? üòÇ
1095338000681058320,1412812737164554243,2021-07-07T17:24:16.000Z,1412824802411298822,1566580880,0,0,0,0,"@AluraOnline Ja sou assinante kkk, s√≥ que fa√ßo os cursos de design, mas obrigado"
203067736,1412907814163525635,2021-07-07T23:57:32.000Z,1412923769564372992,1144082414622400512,1,0,0,0,@devscansados @AluraOnline Empresa que paga menos pra quem entrega mais
814116029353852929,1411203679244505093,2021-07-03T06:02:30.000Z,1411203679244505093,"",0,0,0,1,"RT @braian: Pra entender esse tweet acesse

https://t.co/g9YDYyOh6T

Assine @AluraOnline com R$100 de desconto!! https://t.co/JYC6N4JlT8"
245164779,1411047336466432003,2021-07-02T19:44:56.000Z,1411048263327916034,52565610,1,0,1,0,@madeinpatricia @AluraOnline T√° muito legal! Parab√©ns!
1000814755664150528,1411150431800107019,2021-07-03T02:30:55.000Z,1411150431800107019,"",0,0,0,10,"RT @fefealves: #100DaysOfCode #Day10
I finished my first course about C++ (it was an intro by @AluraOnline). To help me understand some con‚Ä¶"
1067376594103222273,1411332661298204680,2021-07-03T14:35:02.000Z,1411332661298204680,"",0,0,0,0,Voltei a estudar na @AluraOnline ü•∞
9855642,1412907814163525635,2021-07-07T23:59:27.000Z,1412924253742243844,1144082414622400512,2,0,1,0,@devscansados @AluraOnline J√° dei curso de dreamweaver... Que era bem melhor que o frontpage... Kkkk
26045925,1411187917582737410,2021-07-03T04:59:52.000Z,1411187917582737410,"",19,1,1,1,"Pra entender esse tweet acesse

https://t.co/g9YDYyOh6T

Assine @AluraOnline com R$100 de desconto!! https://t.co/JYC6N4JlT8"
115184886,1413297568788975619,2021-07-09T00:42:52.000Z,1413297568788975619,"",0,0,0,1,RT @karenVHDL: @AluraOnline qual a probabilidade de voc√™s aceitarem minha contribui√ß√£o para o projeto do curso de SASS no Github? :3 Eu cri‚Ä¶
913898857527902209,1412920604416675840,2021-07-07T23:52:51.000Z,1412922592449683458,902288425050656768,0,0,0,0,@aceilt @AluraOnline UHAUSHUAHUSHAHUSAHUSHAUSH
1142264019920855041,1412532435640885250,2021-07-06T22:02:30.000Z,1412532435640885250,"",4,0,1,0,E o dia termina com a not√≠cia que a firma liberou o acesso na plataforma da @AluraOnline como estamos ? https://t.co/MyOJyOci9N
102575807,1412907814163525635,2021-07-08T16:44:45.000Z,1413177245686980611,1144082414622400512,0,0,0,0,"@devscansados @AluraOnline empresa que fala de selo gptw como se fosse algo de outro mundo, tipo aquela camisa da marvel que tu achou legal na riachuelo e comprou a \"√∫nica\" que tinha."
910540304230621184,1412259464120438787,2021-07-06T03:57:49.000Z,1412259464120438787,"",0,0,0,0,Bora ou Vamos!!! @aluraonline https://t.co/ZduByRbj71
12050562,1412522639130775555,2021-07-06T22:51:54.000Z,1412544867528544261,1566580880,7,0,2,0,"@AluraOnline @death1606 @mauriciojr Nao sei de onde saiu a informa√ß√£o do Yakult, mas: sim, gostaria"
1382032616824651777,1411150431510843397,2021-07-03T02:30:55.000Z,1411150431510843397,"",0,0,0,10,"RT @fefealves: #100DaysOfCode #Day10
I finished my first course about C++ (it was an intro by @AluraOnline). To help me understand some con‚Ä¶"
2206041386,1412904138464169988,2021-07-07T22:53:25.000Z,1412907634387308545,1387159986766286858,0,0,0,0,@OfCapeta @paulo_caelum @AluraOnline Foi na live que rolou hoje hahaha vai rolar ainda!
1311439762532728844,1412571233204551683,2021-07-07T00:36:40.000Z,1412571233204551683,"",0,0,0,5,"RT @frontinsp: J√° parou p/ pensar q o Next √© o framework JavaScript mais popular do momento? ü§î
@omariosouto, da @AluraOnline, vai mostrar q‚Ä¶"
34991631,1411817679653068804,2021-07-04T22:42:19.000Z,1411817679653068804,"",0,0,0,5,"RT @tgcsantos: MaL Te CoNhe√áo MaSS j√Å tE cOnSidErO pAkkkAs para indicar a Imers√£o React da @AluraOnline! 
Um evento gratuito para vc revisi‚Ä¶"
263205960,1413546438626320385,2021-07-09T17:11:48.000Z,1413546438626320385,"",0,0,0,0,Ei @paulo_caelum e turma da @AluraOnline o que voc√™s sugerem de cursos na area de Produto? Podia aproveitar o match com a PM3 e desembolar uns cursos legais pra gente üò¨
1088251951542870016,1412055095265595392,2021-07-05T14:48:06.000Z,1412060727117070339,1345893423337844737,3,0,1,0,@hofflaracnaa @AluraOnline @LYSonjeada (foi voc√™ que tava perguntando sobre dica dos usu√°rios esses dias n√©?)
1348430541020917761,1412163535669432324,2021-07-05T21:39:05.000Z,1412164152068653056,591201415,3,0,0,1,@frontinsp @omariosouto @AluraOnline @niziexou
109367869,1412907814163525635,2021-07-07T23:03:59.000Z,1412910294658166786,1144082414622400512,11,0,0,0,"@devscansados @AluraOnline \"no code dress\" na parte de benef√≠cios kkkkkk"
52565610,1411048216146108418,2021-07-02T19:44:45.000Z,1411048216146108418,"",0,0,0,0,"Ela ficou olhando para o \"site\" e chorando por uns 10min. Agora eu t√¥ sem saber se piorei o dia dela com meu projeto se Parallax website ou se ela est√° s√≥ sendo canceriana. 

Se foi a primeira op√ß√£o j√° coloquei a culpa na @AluraOnline. https://t.co/cajbPpbhhV"
3002125333,1412856124194398208,2021-07-07T19:28:44.000Z,1412856124194398208,"",0,0,0,8,"RT @nilmoretto: Hoje estreia um v√≠deo novo, quadro extra no @RepublicaCdN com participa√ß√£o especial e tudo! Patrocinado pela @AluraOnline q‚Ä¶"
85172730,1413164831289585670,2021-07-08T15:55:25.000Z,1413164831289585670,"",0,0,0,1,"RT @AluraOnline: Se Elvis Presley est√° vivo ou n√£o,  a√≠ √© outra discuss√£o‚Ä¶ üï∫‚ú®

Agora... se d√° pra usar Elvis Operator com JavaScript, ent√£o‚Ä¶"
1290118641875333120,1412862110674083843,2021-07-07T20:32:30.000Z,1412872173652525061,1566580880,7,0,0,0,@AluraOnline https://t.co/J9SE8R9mtn
1305903386559086592,1411153500420050947,2021-07-03T02:43:07.000Z,1411153500420050947,"",0,0,0,10,"RT @fefealves: #100DaysOfCode #Day10
I finished my first course about C++ (it was an intro by @AluraOnline). To help me understand some con‚Ä¶"
1506580351,1412907814163525635,2021-07-08T00:02:44.000Z,1412925079273488391,1144082414622400512,4,0,0,0,@devscansados @AluraOnline n√£o usar o tema dracula do vscode
18018665,1412376224027058176,2021-07-06T11:41:47.000Z,1412376224027058176,"",0,0,0,1,RT @paperbrushink: @frontinsp @omariosouto @AluraOnline @niziexou
1347396338581790723,1411225916680855556,2021-07-03T07:30:52.000Z,1411225916680855556,"",0,0,0,10,"RT @fefealves: #100DaysOfCode #Day10
I finished my first course about C++ (it was an intro by @AluraOnline). To help me understand some con‚Ä¶"
52499387,1412852906466844676,2021-07-07T19:15:57.000Z,1412852906466844676,"",576,6,19,8,"Hoje estreia um v√≠deo novo, quadro extra no @RepublicaCdN com participa√ß√£o especial e tudo! Patrocinado pela @AluraOnline que acha que vc precisa de mais v√≠deo nosso na internet &lt;3
N√£o √© ad nao viu, povo, sou eu avisando vcs agradecendo a parceria dessa plataforma linda do meu ü´Ä"
1077164162181222401,1412852906466844676,2021-07-07T19:16:40.000Z,1412853089091063811,52499387,0,0,0,0,@nilmoretto @RepublicaCdN @AluraOnline https://t.co/rr2dI8vtkj
236570076,1412907814163525635,2021-07-07T22:56:57.000Z,1412908525257469962,1144082414622400512,2,0,0,1,"@devscansados @AluraOnline Pega o LinkedIn aquilo tudo √© cringe , mas para melhorar bootcamp de 5 dias prometendo sal√°rio de  4k ap√≥s o t√©rmino ahahhahahaha"
21443382,1411012178933583881,2021-07-02T17:21:33.000Z,1411012178933583881,1566580880,1,0,1,0,"@AluraOnline Boa tarde, as aulas que j√° foram feitas, n√£o est√£o sendo destacadas das aulas que n√£o foram feitas, depois da √∫ltima atualiza√ß√£o do aplicativo da Alura no IOS. N√£o consigo saber quais aulas falta eu fazer dos meus cursos."
1323587508962250752,1412907814163525635,2021-07-07T23:18:21.000Z,1412913909523259393,1144082414622400512,7,0,0,0,@devscansados @AluraOnline Hor√°rio flex√≠vel com daily as 9h da madrugada
901940063411609604,1412929771697287171,2021-07-08T17:48:20.000Z,1413193245203517444,1566580880,0,0,0,0,@AluraOnline Beleza! https://t.co/hho3gLcMqm
338726301,1412852906466844676,2021-07-07T22:40:17.000Z,1412904328965369858,52499387,1,0,0,0,@nilmoretto @RepublicaCdN @AluraOnline @AluraOnline muitooooo mas muito obrigada por permitir que a Nil e o Leon ganhem o dinheirinho deles e nos alegrem. &lt;3 que Deus aben√ßoe toda a equipe.
317221191,1412812737164554243,2021-07-07T17:27:01.000Z,1412825496262430720,1095338000681058320,2,0,0,0,"@Patrick_adas @AluraOnline Olha, posso falar pelos cursos que fiz (em maior parte de Java) e os instrutores s√£o muito bons! Inclusive, alguns cursos me salvaram demais em alguns momentos no est√°gio üòÖ"
31534627,1412461328439128072,2021-07-06T17:19:57.000Z,1412461328439128072,"",0,0,0,3,"RT @AluraOnline: Em DevOps, a observabilidade √© muito necess√°ria para o desenvolvimento de projetos. ‚öô

Mas afinal, por que ela √© t√£o impor‚Ä¶"
8838202,1412907814163525635,2021-07-07T23:16:02.000Z,1412913326611386371,1144082414622400512,2,0,1,0,@devscansados @AluraOnline Chamar reuni√£o de rito.
1566580880,1412490913193021446,2021-07-06T19:33:20.000Z,1412494894162137089,1345893423337844737,1,0,0,0,@hofflaracnaa Obrigada por nos recomendar üíô https://t.co/GR9v7VducS
82856456,1412904504165556226,2021-07-07T22:40:58.000Z,1412904504165556226,"",0,0,0,5,RT @omariosouto: Obrigado @paulo_caelum e @AluraOnline  pela #ImersaoReact!
868163030160465920,1413250613912219652,2021-07-08T21:58:11.000Z,1413256121683517451,750883122963685376,1,0,0,0,@LYSonjeada @AluraOnline Ahhh que inveja. Tamb√©m quero conhecer a firma! üíô‚ú®
144053973,1412907814163525635,2021-07-07T23:59:05.000Z,1412924159076732933,1144082414622400512,1,0,0,0,@devscansados @AluraOnline Flex
903653542111666177,1411677168262909954,2021-07-04T13:23:59.000Z,1411677168262909954,"",3,0,0,0,"A vida √© muito curta pra passar raiva com squad ruim.
Levanta, sacode a poeira, vamos ler um clean code, fazer uns cursos na @udacity, na @AluraOnline e desenvolver sistemas de ponta pra quem merece ter o seu commit. üòòüë©üèª‚Äçüíª

#js #code #dev #developers #frontend #backend"
2958746721,1412853593099718667,2021-07-07T19:18:40.000Z,1412853593099718667,"",0,0,0,8,"RT @nilmoretto: Hoje estreia um v√≠deo novo, quadro extra no @RepublicaCdN com participa√ß√£o especial e tudo! Patrocinado pela @AluraOnline q‚Ä¶"
153453487,1412072353404751879,2021-07-05T15:35:03.000Z,1412072542437793795,1566580880,0,0,0,0,@AluraOnline CSS? Counter Strike Source? Desse eu manjo.
131376434,1412907814163525635,2021-07-07T23:07:00.000Z,1412911052174544901,131376434,1,0,0,0,@devscansados @AluraOnline Com aquele errinho no pom.xml e tudo
2206041386,1412836102315118592,2021-07-07T18:09:10.000Z,1412836102315118592,"",22,0,0,2,"Pessoal estamos quase batendo a marca dos 30K NO YOUTUBE AAAAAAAAAAAA E talvez de pra bater ainda hoje com a live de aquecimento pra #ImersaoReact da @AluraOnline conversando com a galera sobre a base de JavaScript pra trabalhar com React.

Venhaaam \\o/

https://t.co/xfHIr41b5Y"
69944432,1412125108446113799,2021-07-05T19:03:56.000Z,1412125108446113799,1566580880,1,0,1,0,@AluraOnline @paulo_caelum quando teremos mais conte√∫do na forma√ß√£o de kotlin?
933101076118511616,1412859007975538697,2021-07-07T19:52:39.000Z,1412862145579126785,1566580880,0,0,1,0,"@AluraOnline Hmmmm, mas e os cursos de Houdini e UE5 eim Alura? ü•∫‚ù§Ô∏è"
335681535,1412145400090333193,2021-07-05T20:24:34.000Z,1412145400090333193,"",0,0,0,5,"RT @tgcsantos: MaL Te CoNhe√áo MaSS j√Å tE cOnSidErO pAkkkAs para indicar a Imers√£o React da @AluraOnline! 
Um evento gratuito para vc revisi‚Ä¶"
21969720,1411150409687879682,2021-07-03T21:27:19.000Z,1411436418077970433,32003032,1,0,1,0,@fefealves @AluraOnline tu num √© munic√≠pio mesmo n√©
317221191,1413140840893931526,2021-07-08T14:20:06.000Z,1413140840893931526,"",0,0,1,0,o dia mal come√ßou e j√° sei que a melhor coisa que aprendi hoje foi sobre o elvis operator https://t.co/jFKMcXOEAf
1410185979248484352,1412907814163525635,2021-07-08T00:36:17.000Z,1412933521920962566,9855642,1,0,0,0,@rodrigofsacht @devscansados @AluraOnline Saudades de configurar ftp do Dreamweaver para atualizar um site #sqn
726473966559350784,1412856839943958537,2021-07-07T19:31:34.000Z,1412856839943958537,"",0,0,0,2,RT @omariosouto: Pessoal estamos quase batendo a marca dos 30K NO YOUTUBE AAAAAAAAAAAA E talvez de pra bater ainda hoje com a live de aquec‚Ä¶
2958746721,1412858502704402436,2021-07-07T19:38:11.000Z,1412858502704402436,"",0,0,0,1,"RT @nilfavr: @nilmoretto @RepublicaCdN @AluraOnline nada n√£o, √© que s√≥ de  ler o tweet eu escutei o \"aluraaaaaaaaaaaaaa\""
2763459853,1412072353404751879,2021-07-05T17:55:47.000Z,1412107956854865923,1566580880,0,0,0,0,@AluraOnline CANCELANDO MINHA ASSINATURA NA ALURA AP√ìS ATAQUES DO GAVETA AO GOVERNO FEDERAL E MEUS AMIGOS J√Å EST√ÉO SE POSICIONANDO
750883122963685376,1413250613912219652,2021-07-08T21:36:17.000Z,1413250613912219652,"",104,0,3,0,hoje eu conheci a firma!!!!! lugar lindo demais te amo @AluraOnline https://t.co/mznxSOXVtt
1241944076548820994,1412852906466844676,2021-07-07T19:17:59.000Z,1412853418272694274,52499387,1,0,0,0,@nilmoretto @RepublicaCdN @AluraOnline J√° estou no aguardo!!!
750883122963685376,1412055095265595392,2021-07-05T15:42:27.000Z,1412074402007687169,1088251951542870016,4,0,0,0,@victor_min_ts @hofflaracnaa @AluraOnline AMEIIIII brigadaaa
45935368,1410983184578318337,2021-07-02T21:09:08.000Z,1411069453496954881,377076939,1,0,0,0,@brunorafaell8 @AluraOnline super √≠ndico para quem est√° come√ßando
1194437352065769473,1412113059557031939,2021-07-05T18:16:03.000Z,1412113059557031939,"",1,0,0,0,"O NerdTech 65 - Autodefesa Digital √© essencial para todo mundo. 
Muito bom!
Valeeeu por todas as dicas @jovemnerd e @AluraOnline üíô"
2206041386,1411124052685733888,2021-07-03T01:11:20.000Z,1411130404527132673,70511518,1,0,0,0,@dinardito @AluraOnline eai? üëÄ
1395894617577504769,1412907814163525635,2021-07-07T23:00:25.000Z,1412909399081881600,1144082414622400512,1,0,0,0,@devscansados @AluraOnline flash
910540304230621184,1412977656027566080,2021-07-08T03:31:39.000Z,1412977656027566080,"",0,0,0,5,RT @omariosouto: Obrigado @paulo_caelum e @AluraOnline  pela #ImersaoReact!
107246996,1413282602811789314,2021-07-08T23:43:24.000Z,1413282602811789314,"",0,0,0,5,"RT @o_gabsferreira: Bora ajudar a transformar o Brasil com educa√ß√£o?

Estamos com vagas em aberto para o time de did√°tica da @AluraOnline:‚Ä¶"
1086134852540350464,1412837292553781250,2021-07-07T18:13:54.000Z,1412837292553781250,"",0,0,0,2,RT @omariosouto: Pessoal estamos quase batendo a marca dos 30K NO YOUTUBE AAAAAAAAAAAA E talvez de pra bater ainda hoje com a live de aquec‚Ä¶
34083048,1413182005207044097,2021-07-08T17:03:40.000Z,1413182005207044097,"",16,0,1,5,"Bora ajudar a transformar o Brasil com educa√ß√£o?

Estamos com vagas em aberto para o time de did√°tica da @AluraOnline: https://t.co/LsbkFJgtNi"
3918721,1412084520195592195,2021-07-05T16:22:39.000Z,1412084520195592195,"",0,0,0,1,"RT @naruhodopodcast: Independentemente de pra qual marca voc√™ vai trabalhar, torne-se uma pessoa profissional em T  - especialista, mas que‚Ä¶"
1095338000681058320,1412219138123128844,2021-07-06T01:17:34.000Z,1412219138123128844,"",0,0,1,0,"Feliz por ter assinado a @AluraOnline , por√©m triste por estar estudando mais l√° do que fazendo as tarefa da faculdade"
2207670209,1410617984876351494,2021-07-02T20:02:06.000Z,1411052584408858630,1566580880,0,0,2,0,@AluraOnline 40 üò≥üò≥üò≥
1270019890011832321,1412086253361799171,2021-07-05T16:29:32.000Z,1412086253361799171,"",0,0,0,1,"RT @AluraOnline: Quem a√≠ t√° estudando CSS? üíª

No Alura+ desta semana, a Vanessa Tonini, Instrutora aqui na Alura, ensina a voc√™ propriedade‚Ä¶"
1290118641875333120,1412862110674083843,2021-07-07T19:52:31.000Z,1412862110674083843,"",101,0,3,2,"Ei @AluraOnline, tudo bem? Como fa√ßo pra ter uma paginazinha de desconto pra oferecer para os meus lindos seguidores √°vidos por conhecimento? üëÄ

Muita gente nova aqui, que t√° come√ßando, um descontinho ia bem pra ajudar a todo mundo ter aquele empurr√£ozinho pra decolar! üöÄ"
942542667086467072,1412907814163525635,2021-07-07T23:03:20.000Z,1412910130606317570,1144082414622400512,15,0,1,1,"@devscansados @AluraOnline Pagar de \"empresa cool\" na hora oferecer vaga. Sabe aquelas que ficam for√ßando g√≠ria e usando termo em ingl√™s pra coisa besta?

Pelo amor de deus que pavor"
1566580880,1413140082777722882,2021-07-08T14:17:05.000Z,1413140082777722882,"",18,1,0,1,"Se Elvis Presley est√° vivo ou n√£o,  a√≠ √© outra discuss√£o‚Ä¶ üï∫‚ú®

Agora... se d√° pra usar Elvis Operator com JavaScript, ent√£o n√≥s podemos conversar üòé

Neste artigo, ensinamos suas caracteristicas e como implement√°-lo no seu projeto.

 üìùLeia aqui: https://t.co/DUOSSDQLne https://t.co/2I1Xd4s2pc"
726473966559350784,1413500007316037634,2021-07-09T14:07:17.000Z,1413500007316037634,"",0,0,0,1,"RT @AluraOnline: J√° garantiu a sua inscri√ß√£o na Imers√£o React? ü§ø

Durante 5 dias voc√™ vai expandir seus conhecimentos em JavaScript e mergu‚Ä¶"
750883122963685376,1413183034376048641,2021-07-08T17:07:45.000Z,1413183034376048641,"",0,0,0,5,"RT @o_gabsferreira: Bora ajudar a transformar o Brasil com educa√ß√£o?

Estamos com vagas em aberto para o time de did√°tica da @AluraOnline:‚Ä¶"
153479573,1412862110674083843,2021-07-07T20:12:47.000Z,1412867210272559106,1290118641875333120,0,0,0,0,@ViUmaVaga @AluraOnline up
2206041386,1411818542144671745,2021-07-04T22:45:45.000Z,1411818542144671745,"",0,0,0,5,"RT @tgcsantos: MaL Te CoNhe√áo MaSS j√Å tE cOnSidErO pAkkkAs para indicar a Imers√£o React da @AluraOnline! 
Um evento gratuito para vc revisi‚Ä¶"
2508760803,1411187917582737410,2021-07-03T10:57:59.000Z,1411278037539246083,26045925,2,0,0,0,"@braian @AluraOnline Essa fun√ß√£o teria uma linha s√≥, n√£o? Tipo return(number%2==0);? O tuite do cara √© ir√¥nico e eu n√£o percebi n√©? Hahaha"
1387159986766286858,1412904138464169988,2021-07-07T22:51:09.000Z,1412907066964983811,2206041386,1,0,1,0,@omariosouto @paulo_caelum @AluraOnline N√£o era do dia 12 ao 16? To perdido
3436203742,1413226476313497601,2021-07-08T20:02:58.000Z,1413227128808673282,1566580880,0,0,0,0,@AluraOnline Em breve....üòéüòé
720652652883927040,1412022600805539844,2021-07-05T12:16:36.000Z,1412022600805539844,"",0,0,1,0,"Domingo/Segunda foi dia de adqurir conhecimento sobre o shotcut,  queria gerar conteudo para a comunidade mas n√£o fazia ideia de como come√ßar. sorte que tem curso disso na @AluraOnline https://t.co/xXO5UjMJZk"
1196174693176401923,1408071108922789901,2021-07-03T21:46:15.000Z,1411441182929043458,1566580880,0,0,0,0,@AluraOnline @ehattori89 O meu deu 20 kkkkk
59463285,1412852906466844676,2021-07-07T19:18:28.000Z,1412853543065751555,52499387,6,0,1,1,"@nilmoretto @RepublicaCdN @AluraOnline Alura √© gente como a gente, achando que precisa de mais v√≠deo de vcs na Internet! Obrigada pelos mimos, dona Alura! ü•∞"
914519220876140544,1412907814163525635,2021-07-07T23:23:30.000Z,1412915208041938947,1144082414622400512,1,0,0,0,@devscansados @AluraOnline Thrash talk em POO
910540304230621184,1412385049887100932,2021-07-06T12:16:51.000Z,1412385049887100932,"",0,0,0,9,"RT @AluraOnline: Preparem o equipamento de mergulhoü§ø, a Imers√£o React est√° chegando!

Uma viagem profunda para dominar o futuro da Web. Apr‚Ä¶"
16520689,1412522639130775555,2021-07-06T21:41:08.000Z,1412527057154805761,1566580880,0,0,1,0,"@AluraOnline Perdi meu n√∫mero do ICQ, desta √©poca... üòÖ O resto era assim mesmo..."
1095338000681058320,1412812737164554243,2021-07-07T16:36:19.000Z,1412812737164554243,"",0,0,2,0,"Alguem que fez os cursos de programa√ß√£o da @AluraOnline, pode me dizer se a curva de aprendizado √© dif√≠cil? Queria aprender a programar, mas o medo da dificuldade √© imenso"
1204330482466463746,1412904387740147718,2021-07-07T22:40:31.000Z,1412904387740147718,"",0,0,0,5,RT @omariosouto: Obrigado @paulo_caelum e @AluraOnline  pela #ImersaoReact!
750883122963685376,1413282889672835072,2021-07-09T02:44:21.000Z,1413328141288976385,1085294900831289345,2,0,0,0,"@DevCapu @AluraOnline Meu cora√ß√£o t√° doendo ainda, mas obrigada por tudinho que aprendi contigo e por toda ajuda üíú VOA MLK"
1354904503770865667,1412852906466844676,2021-07-07T19:36:35.000Z,1412858102064586760,52499387,0,0,0,0,@nilmoretto @RepublicaCdN @AluraOnline animad√≠ssima pra esse quadro! &lt;3
767855215152422912,1412084458329718794,2021-07-05T16:22:24.000Z,1412084458329718794,"",9,0,1,1,"Independentemente de pra qual marca voc√™ vai trabalhar, torne-se uma pessoa profissional em T  - especialista, mas que entende como seu conhecimento se aplica a diferentes √°reas - com os cursos da @aluraonline. Ouvinte Naruhodo tem R$100 de desconto: https://t.co/lmVgBhCIVW https://t.co/TUeK81ROmd"
1127829883013361665,1411151731036151808,2021-07-03T02:36:05.000Z,1411151731036151808,"",0,0,0,10,"RT @fefealves: #100DaysOfCode #Day10
I finished my first course about C++ (it was an intro by @AluraOnline). To help me understand some con‚Ä¶"
30927595,1411850950755721218,2021-07-05T00:54:32.000Z,1411850950755721218,"",0,0,0,5,"RT @tgcsantos: MaL Te CoNhe√áo MaSS j√Å tE cOnSidErO pAkkkAs para indicar a Imers√£o React da @AluraOnline! 
Um evento gratuito para vc revisi‚Ä¶"
32003032,1411150409687879682,2021-07-03T23:19:47.000Z,1411464717651091459,21969720,1,0,1,0,"@marco_sa @AluraOnline S√≥ se fosse Bras√≠lia, 50 em 5"
110738505,1412904138464169988,2021-07-07T22:40:53.000Z,1412904479566016513,2206041386,1,0,1,0,"@omariosouto @paulo_caelum @AluraOnline N√£o consegui acompanhar, a live vai ficar salva?"
1345893423337844737,1412490913193021446,2021-07-07T16:59:06.000Z,1412818470119555073,3728996248,0,0,0,0,"@Filipe_Quatoo @AluraOnline Simm, eu gosto muito"
1363752603985788930,1412907814163525635,2021-07-08T13:10:25.000Z,1413123308216782854,1144082414622400512,0,0,0,0,@devscansados @AluraOnline Falar de um novo framework ou falar q linux ou windows ou Mac √© melhor
135496567,1413120684666998786,2021-07-08T16:09:20.000Z,1413168333571215363,539586440,1,0,0,0,"@marcobrunodev @YouTube @AluraOnline Fechado, j√° me inscrevi Tmj"
1382100491807645697,1413140677609676803,2021-07-08T14:19:27.000Z,1413140677609676803,"",0,0,0,1,Vaga remota para designer instrucional na @AluraOnline ! + Informa√ß√µes aqui: https://t.co/jNBAyuump4
1530510374,1412907814163525635,2021-07-07T23:40:25.000Z,1412919463444422658,1144082414622400512,2,0,0,0,@devscansados @AluraOnline Agil Master chegar na daily todo animado querendo fazer din√¢mica com deadline estourando üò©
1094416982919778304,1412853589282861063,2021-07-07T19:18:39.000Z,1412853589282861063,"",0,0,0,8,"RT @nilmoretto: Hoje estreia um v√≠deo novo, quadro extra no @RepublicaCdN com participa√ß√£o especial e tudo! Patrocinado pela @AluraOnline q‚Ä¶"
70731474,1410994296141062149,2021-07-03T11:43:35.000Z,1411289516036526086,2611764626,3,0,0,0,"@wsantosdev @isabellalealx Fiz minha transi√ß√£o aos 30! Sou economista e estudei programa√ß√£o b√°sica pela Rocketseat e conte√∫dos gratuitos, cursos da @AluraOnline  por 8 meses, fiz uns projetinhos. Mas no final contei com uma pessoa que ja me conhecia e acreditou no meu potencial ü•∞"
1400997999162036224,1412172609924501516,2021-07-05T22:12:41.000Z,1412172609924501516,1566580880,1,0,0,0,@AluraOnline alura me da uma bolsinha de estudos ü•∫
460241139,1413279017201979392,2021-07-08T23:29:09.000Z,1413279017201979392,"",0,0,0,5,"RT @o_gabsferreira: Bora ajudar a transformar o Brasil com educa√ß√£o?

Estamos com vagas em aberto para o time de did√°tica da @AluraOnline:‚Ä¶"
78199398,1412522639130775555,2021-07-06T23:21:53.000Z,1412552411231752194,12050562,2,0,1,0,"@rla4 @AluraOnline @death1606 @mauriciojr mas √© que n√©, √© uma que se aplica pra literalmente todo mundo. Eu n√£o tenho nada a ver com isso a√≠ mas total queria 2L tb"
1345893423337844737,1412055095265595392,2021-07-05T14:25:44.000Z,1412055095265595392,"",38,0,3,2,"Se algu√©m q eu sigo trabalha pra @AluraOnline , eu tenho uma sugest√£o como usu√°rio. Sugest√£o: Atualmente quando eu estou logada, e abro outra aba da plataforma, ao inv√©s de ele me redirecionar para minha dashboard, ele permanece na p√°gina de login, dessa forma eu preciso clicar +"
177671674,1412366210092634114,2021-07-06T13:31:57.000Z,1412403949207011332,1566580880,1,0,0,0,@AluraOnline Certeza que foi influ√™ncia do Vinicius mostrando o Visualizing Git üòÖüòÖüòÖ
222898169,1412907814163525635,2021-07-08T00:43:47.000Z,1412935408720220161,1144082414622400512,1,0,0,0,@devscansados @AluraOnline SOAP com ctz‚Ä¶
62513762,1412907814163525635,2021-07-07T22:59:08.000Z,1412909074786791437,1144082414622400512,3,0,0,0,@devscansados @AluraOnline Por na parte de benef√≠cios adicionais / diferencias que oferece m√°quina para trabalhar
1378687385349844993,1412907814163525635,2021-07-07T22:56:41.000Z,1412908457552928776,1144082414622400512,11,0,1,0,@devscansados @AluraOnline Usar IDE sem tema dark
2207670209,1410617984876351494,2021-07-02T20:03:01.000Z,1411052814332203008,2207670209,0,0,0,0,@AluraOnline E n√£o sei programar ainda ü§£ü§£ü§£
1340369982333607939,1412907814163525635,2021-07-08T00:05:00.000Z,1412925649212350467,794932603564552192,0,0,0,0,@diguled @devscansados @AluraOnline foi longe demais a√≠
3116149453,1411864183747063810,2021-07-05T01:50:50.000Z,1411865121538850818,364494926,1,0,1,0,"@AndradeeeIgor Infelizmente n√£o √©, ele √© um instrutor da @AluraOnline"
1048648689076654081,1412084458329718794,2021-07-05T20:14:37.000Z,1412142894362812418,767855215152422912,1,0,0,0,"@naruhodopodcast @AluraOnline caramba quantas marcas e eu conhe√ßo todas, minha nossa"
335556696,1412953698242793475,2021-07-08T20:49:34.000Z,1413238856808374276,1247249512885817346,1,0,0,0,@j_a_o_v_c_t_r @rinaldodev @AluraOnline Manda!!! Kkkkk
984907706858393600,1412852906466844676,2021-07-07T19:24:36.000Z,1412855083390410759,52499387,11,0,1,1,"@nilmoretto @RepublicaCdN @AluraOnline nada n√£o, √© que s√≥ de  ler o tweet eu escutei o \"aluraaaaaaaaaaaaaa\""
1270798406835998727,1410970366684577792,2021-07-02T21:14:09.000Z,1411070715592335362,23954891,1,0,0,0,"@guilhermecaelum @faermanj @AluraOnline T√¥ precisando de umas aulas disso a√≠ Gui @guilhermecaelum, minhas aptid√µes atuais nessa parte s√£o miser√°veis, como voc√™ pode ver: https://t.co/bCHgatmPqu"
43900459,1412491742608232460,2021-07-08T17:30:03.000Z,1413188646123999239,1374606334725922816,1,0,0,0,@karenVHDL @AluraOnline oi Karen! Vou entrar em contato com a instrutora!
1274628718913155075,1411151714057654273,2021-07-03T02:36:01.000Z,1411151714057654273,"",0,0,0,10,"RT @fefealves: #100DaysOfCode #Day10
I finished my first course about C++ (it was an intro by @AluraOnline). To help me understand some con‚Ä¶"
72447301,1412375634249142273,2021-07-06T11:39:26.000Z,1412375634249142273,"",0,0,0,5,"RT @frontinsp: J√° parou p/ pensar q o Next √© o framework JavaScript mais popular do momento? ü§î
@omariosouto, da @AluraOnline, vai mostrar q‚Ä¶"
23954891,1410970366684577792,2021-07-02T18:52:39.000Z,1411035103103422465,166998234,1,0,0,0,@faermanj @AluraOnline Opa!
119252320,1409564258728284163,2021-07-07T14:04:02.000Z,1412774411753623562,1566580880,0,0,0,0,@AluraOnline üöÄüöÄüöÄ @AluraOnline
2206041386,1413192875773472775,2021-07-08T17:54:51.000Z,1413194886908727300,1480302014,1,0,0,0,@luquinhaz @AluraOnline VAMOS QUE BORA
1033198562274885632,1412907814163525635,2021-07-07T23:07:19.000Z,1412911131501502465,24459846,1,0,0,0,@guili_redu @devscansados @AluraOnline HAUAHAUAHAUAHAHA
1274247387893182464,1412852906466844676,2021-07-07T19:16:44.000Z,1412853103725056005,52499387,1,0,0,0,@nilmoretto @RepublicaCdN @AluraOnline At√© que enfim üò≠üôå
902376945526165505,1411449188345335813,2021-07-03T22:18:04.000Z,1411449188345335813,"",0,0,0,321,"RT @awake_giants_br: 25.
Empresa/Marca: Alura
Aceitou a chantagem e apoiou a censura em 07/10/2020
Seu perfil √© @AluraOnline 
Site para rec‚Ä¶"
2722817234,1412907814163525635,2021-07-08T00:00:33.000Z,1412924529974906881,1144082414622400512,1,0,0,0,@devscansados @AluraOnline Banco com colunas em c√≥digo com necessidade de dicion√°rio üòÇü•≤
223663139,1412929524128440333,2021-07-08T00:34:06.000Z,1412932974220349440,1099420273,2,0,1,0,"@thiagopy__ Ent√£o, tava dando uma olhada aqui na @AluraOnline parece bem completo, mas √© sempre bom ouvir a opini√£o do povo.. Vlw!!!"
913898857527902209,1412920604416675840,2021-07-07T23:47:19.000Z,1412921199630430211,902288425050656768,0,0,1,0,@aceilt @AluraOnline sinto que caminharei s√≥ na mec√¢nica
2207670209,1412093112818806789,2021-07-07T00:34:48.000Z,1412570759466160134,142096296,0,0,1,0,@angelasalomao_ @AluraOnline O importante √© n√£o parar e encontrar a sua melhor forma de aprender üòäüòä estou na luta ainda bons estudos pra gente üôÇüôÇ
21969720,1411150409687879682,2021-07-03T23:21:38.000Z,1411465183466229762,32003032,1,0,0,0,@fefealves @AluraOnline Hahaha tu eh foda ‚ù§Ô∏è
1308503498804338690,1412907814163525635,2021-07-07T23:04:59.000Z,1412910547083870210,1144082414622400512,2,0,0,0,@devscansados @AluraOnline PHP üò°
